DepartureTime,FlightNumber,;#Flight Id,Category,Positions,Terminal,Ground Handler,MakeupUnit,MakeupOpening,MakeupClosing,AssignedCarousel,UnassignedReason,OriginalCategory,FinalCategory,CategoryChanged,AssignedCarousels,SplitCount
2040-12-05 07:30:00,TR5003,131,Narrow,3,E,TR,T5CE006,2040-12-05 05:00:00,2040-12-05 07:00:00,UNASSIGNED,NO_CAPACITY,Narrow,Narrow,NO,UNASSIGNED,0
2040-12-05 07:30:00,MI436,374,Narrow,3,E,MI,T5CE008L,2040-12-05 05:00:00,2040-12-05 07:00:00,UNASSIGNED,NO_CAPACITY,Narrow,Narrow,NO,UNASSIGNED,0
2040-12-05 07:50:00,TR3627,281,Narrow,3,E,TR,T5CE008R,2040-12-05 05:20:00,2040-12-05 07:20:00,UNASSIGNED,NO_CAPACITY,Narrow,Narrow,NO,UNASSIGNED,0
2040-12-05 08:00:00,TR2152,153,Narrow,3,E,TR,T5CE009R,2040-12-05 05:30:00,2040-12-05 07:30:00,UNASSIGNED,NO_CAPACITY,Narrow,Narrow,NO,UNASSIGNED,0
2040-12-05 08:00:00,MI922,548,Narrow,3,E,MI,R5CE501L,2040-12-05 05:30:00,2040-12-05 07:30:00,UNASSIGNED,NO_CAPACITY,Narrow,Narrow,NO,UNASSIGNED,0
2040-12-05 08:20:00,TR2782,137,Narrow,3,E,TR,R5CE503L,2040-12-05 05:50:00,2040-12-05 07:50:00,UNASSIGNED,NO_CAPACITY,Narrow,Narrow,NO,UNASSIGNED,0
2040-12-05 08:30:00,TR3611,254,Narrow,3,E,TR,R5DE703R,2040-12-05 06:00:00,2040-12-05 08:00:00,UNASSIGNED,NO_CAPACITY,Narrow,Narrow,NO,UNASSIGNED,0
2040-12-05 08:30:00,MI162,521,Narrow,3,E,MI,R5CE503R,2040-12-05 06:00:00,2040-12-05 08:00:00,UNASSIGNED,NO_CAPACITY,Narrow,Narrow,NO,UNASSIGNED,0
2040-12-05 19:30:00,TR68,597,Narrow,3,E,TR,T5CE009L,2040-12-05 17:00:00,2040-12-05 19:00:00,UNASSIGNED,NO_CAPACITY,Narrow,Narrow,NO,UNASSIGNED,0
2040-12-05 20:00:00,MI6,437,Narrow,3,E,MI,T5CE008L,2040-12-05 17:30:00,2040-12-05 19:30:00,UNASSIGNED,NO_CAPACITY,Narrow,Narrow,NO,UNASSIGNED,0
2040-12-06 07:50:00,MI68,1143,Narrow,3,E,MI,T5CE008L,2040-12-06 05:20:00,2040-12-06 07:20:00,UNASSIGNED,NO_CAPACITY,Narrow,Narrow,NO,UNASSIGNED,0
2040-12-06 08:00:00,MI3629,1147,Narrow,3,E,MI,T5CE011R,2040-12-06 05:30:00,2040-12-06 07:30:00,UNASSIGNED,NO_CAPACITY,Narrow,Narrow,NO,UNASSIGNED,0
2040-12-06 08:10:00,MI3638,960,Narrow,3,E,MI,T5CE007R,2040-12-06 05:40:00,2040-12-06 07:40:00,UNASSIGNED,NO_CAPACITY,Narrow,Narrow,NO,UNASSIGNED,0
2040-12-06 08:20:00,MI2495,765,Narrow,3,E,MI,T5CE007L,2040-12-06 05:50:00,2040-12-06 07:50:00,UNASSIGNED,NO_CAPACITY,Narrow,Narrow,NO,UNASSIGNED,0
2040-12-06 19:20:00,TR3649,1004,Narrow,3,E,TR,T5CE011L,2040-12-06 16:50:00,2040-12-06 18:50:00,UNASSIGNED,NO_CAPACITY,Narrow,Narrow,NO,UNASSIGNED,0
2040-12-06 19:30:00,TR68,1169,Narrow,3,E,TR,T5CE011R,2040-12-06 17:00:00,2040-12-06 19:00:00,UNASSIGNED,NO_CAPACITY,Narrow,Narrow,NO,UNASSIGNED,0
2040-12-05 07:55:00,TR3601,423,Narrow,3,W,TR,T5CW002L,2040-12-05 05:25:00,2040-12-05 07:25:00,UNASSIGNED,NO_CAPACITY,Narrow,Narrow,NO,UNASSIGNED,0
2040-12-05 08:15:00,TR1994,100,Narrow,3,W,TR,R5CW501,2040-12-05 05:45:00,2040-12-05 07:45:00,UNASSIGNED,NO_CAPACITY,Narrow,Narrow,NO,UNASSIGNED,0
2040-12-05 08:20:00,MI3640,163,Narrow,3,W,MI,T5CW006R,2040-12-05 05:50:00,2040-12-05 07:50:00,UNASSIGNED,NO_CAPACITY,Narrow,Narrow,NO,UNASSIGNED,0
2040-12-05 08:20:00,MI2493,257,Narrow,3,W,MI,T5CW010L,2040-12-05 05:50:00,2040-12-05 07:50:00,UNASSIGNED,NO_CAPACITY,Narrow,Narrow,NO,UNASSIGNED,0
2040-12-05 08:25:00,TR2106,101,Narrow,3,W,TR,R5DW701L,2040-12-05 05:55:00,2040-12-05 07:55:00,UNASSIGNED,NO_CAPACITY,Narrow,Narrow,NO,UNASSIGNED,0
2040-12-05 08:30:00,MI802,162,Narrow,3,W,MI,R5CW502L,2040-12-05 06:00:00,2040-12-05 08:00:00,UNASSIGNED,NO_CAPACITY,Narrow,Narrow,NO,UNASSIGNED,0
2040-12-05 08:30:00,MI3624,659,Narrow,3,W,MI,T5CW010R,2040-12-05 06:00:00,2040-12-05 08:00:00,UNASSIGNED,NO_CAPACITY,Narrow,Narrow,NO,UNASSIGNED,0
2040-12-05 08:35:00,TR2662,232,Narrow,3,W,TR,R5DW703L,2040-12-05 06:05:00,2040-12-05 08:05:00,UNASSIGNED,NO_CAPACITY,Narrow,Narrow,NO,UNASSIGNED,0
2040-12-05 08:55:00,TR2994,323,Narrow,3,W,TR,T5CW007R,2040-12-05 06:25:00,2040-12-05 08:25:00,UNASSIGNED,NO_CAPACITY,Narrow,Narrow,NO,UNASSIGNED,0
2040-12-05 19:25:00,TR90,498,Narrow,3,W,TR,T5CW011R,2040-12-05 16:55:00,2040-12-05 18:55:00,UNASSIGNED,NO_CAPACITY,Narrow,Narrow,NO,UNASSIGNED,0
2040-12-05 20:55:00,TR3617,462,Narrow,3,W,TR,T5CW008R,2040-12-05 18:25:00,2040-12-05 20:25:00,UNASSIGNED,NO_CAPACITY,Narrow,Narrow,NO,UNASSIGNED,0
2040-12-06 07:55:00,TR2260,781,Narrow,3,W,TR,T5CW011L,2040-12-06 05:25:00,2040-12-06 07:25:00,UNASSIGNED,NO_CAPACITY,Narrow,Narrow,NO,UNASSIGNED,0
2040-12-06 08:00:00,MI366,1145,Narrow,3,W,MI,T5CW001R,2040-12-06 05:30:00,2040-12-06 07:30:00,UNASSIGNED,NO_CAPACITY,Narrow,Narrow,NO,UNASSIGNED,0
2040-12-06 08:25:00,TR2106,901,Narrow,3,W,TR,R5CW502L,2040-12-06 05:55:00,2040-12-06 07:55:00,UNASSIGNED,NO_CAPACITY,Narrow,Narrow,NO,UNASSIGNED,0
2040-12-06 08:30:00,TR3611,941,Narrow,3,W,TR,R5DW701L,2040-12-06 06:00:00,2040-12-06 08:00:00,UNASSIGNED,NO_CAPACITY,Narrow,Narrow,NO,UNASSIGNED,0
2040-12-06 08:35:00,TR2662,844,Narrow,3,W,TR,R5CW502R,2040-12-06 06:05:00,2040-12-06 08:05:00,UNASSIGNED,NO_CAPACITY,Narrow,Narrow,NO,UNASSIGNED,0
2040-12-06 09:00:00,TR2428,834,Narrow,3,W,TR,T5CW007R,2040-12-06 06:30:00,2040-12-06 08:30:00,UNASSIGNED,NO_CAPACITY,Narrow,Narrow,NO,UNASSIGNED,0
2040-12-06 09:15:00,TR1992,882,Narrow,3,W,TR,T5CW002L,2040-12-06 06:45:00,2040-12-06 08:45:00,UNASSIGNED,NO_CAPACITY,Narrow,Narrow,NO,UNASSIGNED,0
2040-12-06 09:15:00,TR1990,887,Narrow,3,W,TR,T5CW006L,2040-12-06 06:45:00,2040-12-06 08:45:00,UNASSIGNED,NO_CAPACITY,Narrow,Narrow,NO,UNASSIGNED,0
